cluster_id,n_nodes,n_seed,sum_kzt_internal,top_gids,hypothesis
0,276,1,30013207.389999993,100000008477350100;100000006866783100;100000000437046100;100000002957787100;100000000661912100,"Hypothesis: seed-linked coordination/collection; 1/276 seed, 63 movement/hub signals, 30,013,207 KZT internal turnover. Verify from transactions."
1,270,1,10178044.0,100000002527114100;100000001697501100;100000002733905100;100000002578405100;100000001166289100,"Hypothesis: seed-linked coordination/collection; 1/270 seed, 7 movement/hub signals, 10,178,044 KZT internal turnover. Verify from transactions."
2,142,5,19232090.0,100000003684369100;100000008165763100;100000008748914100;100000007908818100;100000003528285100,"Hypothesis: seed-linked coordination/collection; 5/142 seed, 26 movement/hub signals, 19,232,090 KZT internal turnover. Verify from transactions."
3,129,7,18827962.28,100000003016635100;100000006069103100;100000006518161100;100000004707703100;100000004330371100,"Hypothesis: seed-linked coordination/collection; 7/129 seed, 33 movement/hub signals, 18,827,962 KZT internal turnover. Verify from transactions."
4,127,0,16703584.0,100000008603629100;100000001857829100;100000005140601100;100000002723538100;100000004679953100,"Hypothesis: downstream aggregation/coordination; 0/127 seed, 22 movement/hub signals, 16,703,584 KZT internal turnover. Verify from transactions."
5,127,0,27033142.0,100000008489922100;100000008547948100;100000005413948100;100000008547844100;100000008466579100,"Hypothesis: downstream aggregation/coordination; 0/127 seed, 21 movement/hub signals, 27,033,142 KZT internal turnover. Verify from transactions."
6,126,0,24907250.330000002,100000000331309100;100000000332284100;100000003741418100;100000005665181100;100000006734214100,"Hypothesis: downstream aggregation/coordination; 0/126 seed, 20 movement/hub signals, 24,907,250 KZT internal turnover. Verify from transactions."
7,101,0,5726719.67,100000005704413100;100000008104567100;100000006707582100;100000005473151100;100000005578559100,"Hypothesis: downstream aggregation/coordination; 0/101 seed, 12 movement/hub signals, 5,726,720 KZT internal turnover. Verify from transactions."
8,61,3,8902320.0,100000001616816100;100000004015047100;100000004221668100;100000002692750100;100000002870463100,"Hypothesis: seed-linked coordination/collection; 3/61 seed, 18 movement/hub signals, 8,902,320 KZT internal turnover. Verify from transactions."
9,60,0,15020787.0,100000005514161100;100000005242320100;100000008512827100;100000004424023100;100000003054328100,"Hypothesis: downstream aggregation/coordination; 0/60 seed, 7 movement/hub signals, 15,020,787 KZT internal turnover. Verify from transactions."
10,56,1,10014014.02,100000005782781100;100000001677929100;100000001601320100;100000000267734100;100000000274067100,"Hypothesis: seed-linked coordination/collection; 1/56 seed, 9 movement/hub signals, 10,014,014 KZT internal turnover. Verify from transactions."
11,53,1,5947339.0,100000000343175100;100000003115284100;100000003635170100;100000008730846100;100000003390036100,"Hypothesis: seed-linked coordination/collection; 1/53 seed, 14 movement/hub signals, 5,947,339 KZT internal turnover. Verify from transactions."
12,51,1,2950313.0,100000001899164100;100000004386258100;100000002193259100;100000003265158100;100000004692798100,"Hypothesis: seed-linked coordination/collection; 1/51 seed, 9 movement/hub signals, 2,950,313 KZT internal turnover. Verify from transactions."
13,50,3,4135421.0,100000005074393100;100000008346837100;100000008733194100;100000001236706100;100000000489417100,"Hypothesis: seed-linked coordination/collection; 3/50 seed, 12 movement/hub signals, 4,135,421 KZT internal turnover. Verify from transactions."
14,44,0,10215968.84,100000005933757100;100000004159526100;100000001937767100;100000004500444100;100000002605308100,"Hypothesis: downstream aggregation/coordination; 0/44 seed, 6 movement/hub signals, 10,215,969 KZT internal turnover. Verify from transactions."
15,41,3,4888834.28,100000004156082100;100000005339662100;100000000076451100;100000004820260100;100000008418835100,"Hypothesis: seed-linked coordination/collection; 3/41 seed, 11 movement/hub signals, 4,888,834 KZT internal turnover. Verify from transactions."
16,41,0,5151924.1899999995,100000003242289100;100000008512552100;100000008413748100;100000003178549100;100000006225798100,"Hypothesis: downstream aggregation/coordination; 0/41 seed, 7 movement/hub signals, 5,151,924 KZT internal turnover. Verify from transactions."
17,30,1,4579928.59,100000002838861100;100000006443391100;100000003071930100;100000000190228100;100000006912294100,"Hypothesis: seed-linked coordination/collection; 1/30 seed, 6 movement/hub signals, 4,579,929 KZT internal turnover. Verify from transactions."
18,30,1,6513430.0,100000008546855100;100000006274203100;100000007594394100;100000003854444100;100000001049200100,"Hypothesis: seed-linked coordination/collection; 1/30 seed, 8 movement/hub signals, 6,513,430 KZT internal turnover. Verify from transactions."
19,26,14,2289450.0,100000004403675100;100000005382566100;100000005386383100;100000004041163100;100000008516839100,"Hypothesis: seed-linked coordination/collection; 14/26 seed, 5 movement/hub signals, 2,289,450 KZT internal turnover. Verify from transactions."
20,25,0,7556605.0,100000001887715100;100000008743913100;100000002748532100;100000008758168100;100000008710843100,"Hypothesis: downstream aggregation/coordination; 0/25 seed, 4 movement/hub signals, 7,556,605 KZT internal turnover. Verify from transactions."
21,20,0,617900.0,100000002448088100;100000003154105100;100000000723383100;100000001427082100;100000002185328100,"Hypothesis: downstream aggregation/coordination; 0/20 seed, 5 movement/hub signals, 617,900 KZT internal turnover. Verify from transactions."
22,18,0,3422800.0,100000003701161100;100000002267998100;100000003718221100;100000008137435100;100000004580202100,"Hypothesis: downstream aggregation/coordination; 0/18 seed, 5 movement/hub signals, 3,422,800 KZT internal turnover. Verify from transactions."
23,17,1,21586840.0,100000002224132100;100000001965374100;100000005664922100;100000004603109100;100000004892144100,"Hypothesis: seed-linked coordination/collection; 1/17 seed, 6 movement/hub signals, 21,586,840 KZT internal turnover. Verify from transactions."
24,17,1,2977887.0,100000004007116100;100000001330595100;100000003616818100;100000002731501100;100000004160650100,"Hypothesis: seed-linked coordination/collection; 1/17 seed, 5 movement/hub signals, 2,977,887 KZT internal turnover. Verify from transactions."
25,15,0,850450.0,100000001526235100;100000002472632100;100000005505655100;100000002984403100;100000001788284100,"Hypothesis: downstream aggregation/coordination; 0/15 seed, 5 movement/hub signals, 850,450 KZT internal turnover. Verify from transactions."
26,15,0,3626010.0,100000008461532100;100000000791285100;100000006704530100;100000003470579100;100000002514975100,"Hypothesis: downstream aggregation/coordination; 0/15 seed, 3 movement/hub signals, 3,626,010 KZT internal turnover. Verify from transactions."
27,14,0,1605604.0,100000008213966100;100000007382543100;100000000838385100;100000003001661100;100000008655779100,"Hypothesis: downstream aggregation/coordination; 0/14 seed, 2 movement/hub signals, 1,605,604 KZT internal turnover. Verify from transactions."
28,13,1,1392916.0,100000001380054100;100000006232815100;100000005077484100;100000000703894100;100000001782980100,"Hypothesis: fan-out distribution; 1/13 seed, 2 movement/hub signals, 1,392,916 KZT internal turnover. Verify from transactions."
29,13,0,6748650.0,100000007442518100;100000008258083100;100000000673868100;100000001785161100;100000004673335100,"Hypothesis: downstream aggregation/coordination; 0/13 seed, 2 movement/hub signals, 6,748,650 KZT internal turnover. Verify from transactions."
30,11,0,3784703.0,100000002175422100;100000003004487100;100000003557488100;100000001317336100;100000002710570100,"Hypothesis: downstream aggregation/coordination; 0/11 seed, 2 movement/hub signals, 3,784,703 KZT internal turnover. Verify from transactions."
31,10,0,1929434.85,100000002741024100;100000007629096100;100000007639767100;100000001439416100;100000008680912100,"Hypothesis: downstream aggregation/coordination; 0/10 seed, 3 movement/hub signals, 1,929,435 KZT internal turnover. Verify from transactions."
32,10,0,322010.0,100000008172352100;100000007322059100;100000004552204100;100000001597505100;100000003646145100,"Hypothesis: downstream aggregation/coordination; 0/10 seed, 2 movement/hub signals, 322,010 KZT internal turnover. Verify from transactions."
33,10,0,1727065.0,100000004076740100;100000005519998100;100000004336312100;100000004017410100;100000003934614100,"Hypothesis: downstream aggregation/coordination; 0/10 seed, 4 movement/hub signals, 1,727,065 KZT internal turnover. Verify from transactions."
34,9,0,1406982.0,100000002217161100;100000001445848100;100000007647294100;100000002242066100;100000008254576100,"Hypothesis: downstream aggregation/coordination; 0/9 seed, 1 movement/hub signals, 1,406,982 KZT internal turnover. Verify from transactions."
35,8,0,2473417.91,100000004906181100;100000008175078100;100000008675322100;100000000557536100;100000008349740100,"Hypothesis: downstream aggregation/coordination; 0/8 seed, 1 movement/hub signals, 2,473,418 KZT internal turnover. Verify from transactions."
36,8,0,389000.0,100000005507142100;100000002612809100;100000005264874100;100000001825934100;100000002214207100,"Hypothesis: fan-out distribution; 0/8 seed, 2 movement/hub signals, 389,000 KZT internal turnover. Verify from transactions."
37,8,3,4597161.0,100000008637537100;100000001732159100;100000008223661100;100000003404627100;100000008314203100,"Hypothesis: seed-linked coordination/collection; 3/8 seed, 4 movement/hub signals, 4,597,161 KZT internal turnover. Verify from transactions."
38,7,0,143000.0,100000005911352100;100000004508696100;100000000507799100;100000003962994100;100000002217806100,"Hypothesis: downstream aggregation/coordination; 0/7 seed, 3 movement/hub signals, 143,000 KZT internal turnover. Verify from transactions."
39,7,0,3077000.0,100000002241986100;100000001053894100;100000002594214100;100000004047887100;100000001286703100,"Hypothesis: downstream aggregation/coordination; 0/7 seed, 1 movement/hub signals, 3,077,000 KZT internal turnover. Verify from transactions."
40,7,0,1765600.0,100000007392365100;100000007865484100;100000008551752100;100000003631015100;100000004976946100,"Hypothesis: downstream aggregation/coordination; 0/7 seed, 1 movement/hub signals, 1,765,600 KZT internal turnover. Verify from transactions."
41,7,0,1268308.0,100000008011159100;100000006169033100;100000006232642100;100000005754335100;100000003664994100,"Hypothesis: downstream aggregation/coordination; 0/7 seed, 2 movement/hub signals, 1,268,308 KZT internal turnover. Verify from transactions."
42,6,1,1615030.0,100000008659445100;100000008736940100;100000008193577100;100000008751429100;100000005456919100,"Hypothesis: seed-linked coordination/collection; 1/6 seed, 5 movement/hub signals, 1,615,030 KZT internal turnover. Verify from transactions."
43,6,1,1527967.0,100000000580561100;100000007939160100;100000005183943100;100000007930878100;100000003888271100,"Hypothesis: seed-linked coordination/collection; 1/6 seed, 1 movement/hub signals, 1,527,967 KZT internal turnover. Verify from transactions."
44,6,0,2540000.0,100000004479404100;100000004717647100;100000002922000100;100000002659103100;100000001533161100,"Hypothesis: downstream aggregation/coordination; 0/6 seed, 2 movement/hub signals, 2,540,000 KZT internal turnover. Verify from transactions."
45,6,1,275885.0,100000005895525100;100000002462183100;100000005056870100;100000007175718100;100000005807278100,"Hypothesis: fan-out distribution; 1/6 seed, 1 movement/hub signals, 275,885 KZT internal turnover. Verify from transactions."
46,6,0,2534500.0,100000003747133100;100000004722765100;100000005075949100;100000002578653100;100000006527156100,"Hypothesis: fan-out distribution; 0/6 seed, 2 movement/hub signals, 2,534,500 KZT internal turnover. Verify from transactions."
47,6,0,720900.0,100000008761219100;100000006638021100;100000008333492100;100000007472293100;100000002794374100,"Hypothesis: fan-out distribution; 0/6 seed, 1 movement/hub signals, 720,900 KZT internal turnover. Verify from transactions."
48,6,1,383300.0,100000005546031100;100000005547096100;100000004331458100;100000004094958100;100000005363908100,"Hypothesis: seed-linked coordination/collection; 1/6 seed, 4 movement/hub signals, 383,300 KZT internal turnover. Verify from transactions."
49,5,0,1189154.0,100000000291906100;100000000291908100;100000004670388100;100000004691350100;100000004722630100,"Hypothesis: pass-through movement; 0/5 seed, 1 movement/hub signals, 1,189,154 KZT internal turnover. Verify from transactions."
50,5,0,172000.0,100000005031696100;100000004659919100;100000001223977100;100000002700161100;100000008461217100,"Hypothesis: low-signal fragment; 0/5 seed, 0 movement/hub signals, 172,000 KZT internal turnover. Verify from transactions."
51,5,1,2809200.0,100000004135268100;100000008571433100;100000004979498100;100000002738256100;100000007507343100,"Hypothesis: seed-linked coordination/collection; 1/5 seed, 3 movement/hub signals, 2,809,200 KZT internal turnover. Verify from transactions."
52,5,2,108007.0,100000006562026100;100000007347733100;100000008129393100;100000006249740100;100000006831291100,"Hypothesis: fan-out distribution; 2/5 seed, 1 movement/hub signals, 108,007 KZT internal turnover. Verify from transactions."
53,4,0,518000.0,100000002205022100;100000000629812100;100000003163886100;100000001380107100,"Hypothesis: fan-out distribution; 0/4 seed, 1 movement/hub signals, 518,000 KZT internal turnover. Verify from transactions."
54,4,1,1404980.0,100000008601794100;100000001872484100;100000000785800100;100000002459163100,"Hypothesis: seed-linked coordination/collection; 1/4 seed, 3 movement/hub signals, 1,404,980 KZT internal turnover. Verify from transactions."
55,4,0,1595700.0,100000001052945100;100000001131403100;100000004616845100;100000005146665100,"Hypothesis: fan-out distribution; 0/4 seed, 1 movement/hub signals, 1,595,700 KZT internal turnover. Verify from transactions."
56,4,0,832800.0,100000003159641100;100000008625905100;100000001065234100;100000002194320100,"Hypothesis: low-signal fragment; 0/4 seed, 0 movement/hub signals, 832,800 KZT internal turnover. Verify from transactions."
57,4,1,79050.0,100000003148220100;100000006888238100;100000004971871100;100000001852140100,"Hypothesis: low-signal fragment; 1/4 seed, 0 movement/hub signals, 79,050 KZT internal turnover. Verify from transactions."
58,4,0,332709.0,100000002513028100;100000004610802100;100000002516862100;100000004780083100,"Hypothesis: fan-out distribution; 0/4 seed, 1 movement/hub signals, 332,709 KZT internal turnover. Verify from transactions."
59,3,1,450000.0,100000002371751100;100000000769919100;100000007018630100,"Hypothesis: pass-through movement; 1/3 seed, 1 movement/hub signals, 450,000 KZT internal turnover. Verify from transactions."
60,3,0,120000.0,100000001733216100;100000002505277100;100000003221510100,"Hypothesis: low-signal fragment; 0/3 seed, 0 movement/hub signals, 120,000 KZT internal turnover. Verify from transactions."
61,3,0,553830.0,100000003321895100;100000003692843100;100000002371892100,"Hypothesis: low-signal fragment; 0/3 seed, 0 movement/hub signals, 553,830 KZT internal turnover. Verify from transactions."
62,3,1,390167.62,100000002781227100;100000002796853100;100000008522127100,"Hypothesis: seed-linked coordination/collection; 1/3 seed, 1 movement/hub signals, 390,168 KZT internal turnover. Verify from transactions."
63,3,0,1557988.0,100000008258458100;100000004035925100;100000008619159100,"Hypothesis: low-signal fragment; 0/3 seed, 0 movement/hub signals, 1,557,988 KZT internal turnover. Verify from transactions."
64,3,1,450816.0,100000005034574100;100000007283257100;100000004388983100,"Hypothesis: low-signal fragment; 1/3 seed, 0 movement/hub signals, 450,816 KZT internal turnover. Verify from transactions."
65,3,0,627870.0,100000008628231100;100000004666651100;100000005664632100,"Hypothesis: low-signal fragment; 0/3 seed, 0 movement/hub signals, 627,870 KZT internal turnover. Verify from transactions."
66,2,0,761255.0,100000000583220100;100000004586598100,"Hypothesis: low-signal fragment; 0/2 seed, 0 movement/hub signals, 761,255 KZT internal turnover. Verify from transactions."
67,2,1,30000.0,100000003980083100;100000003200071100,"Hypothesis: low-signal fragment; 1/2 seed, 0 movement/hub signals, 30,000 KZT internal turnover. Verify from transactions."
68,2,1,81465.0,100000003865939100;100000005392290100,"Hypothesis: low-signal fragment; 1/2 seed, 0 movement/hub signals, 81,465 KZT internal turnover. Verify from transactions."
69,2,0,78025.0,100000003886323100;100000007749092100,"Hypothesis: downstream aggregation/coordination; 0/2 seed, 1 movement/hub signals, 78,025 KZT internal turnover. Verify from transactions."
70,2,0,584900.0,100000008430691100;100000007330432100,"Hypothesis: low-signal fragment; 0/2 seed, 0 movement/hub signals, 584,900 KZT internal turnover. Verify from transactions."
71,2,0,857500.0,100000008324800100;100000007390016100,"Hypothesis: pass-through movement; 0/2 seed, 1 movement/hub signals, 857,500 KZT internal turnover. Verify from transactions."
72,1,1,0.0,100000000456947100,"Hypothesis: low-signal fragment; 1/1 seed, 0 movement/hub signals, 0 KZT internal turnover. Verify from transactions."
73,1,1,0.0,100000003265658100,"Hypothesis: low-signal fragment; 1/1 seed, 0 movement/hub signals, 0 KZT internal turnover. Verify from transactions."
74,1,1,0.0,100000003349739100,"Hypothesis: low-signal fragment; 1/1 seed, 0 movement/hub signals, 0 KZT internal turnover. Verify from transactions."
75,1,1,0.0,100000003770083100,"Hypothesis: low-signal fragment; 1/1 seed, 0 movement/hub signals, 0 KZT internal turnover. Verify from transactions."
76,1,1,0.0,100000004021459100,"Hypothesis: low-signal fragment; 1/1 seed, 0 movement/hub signals, 0 KZT internal turnover. Verify from transactions."
77,1,1,0.0,100000004174835100,"Hypothesis: low-signal fragment; 1/1 seed, 0 movement/hub signals, 0 KZT internal turnover. Verify from transactions."
78,1,1,0.0,100000005017150100,"Hypothesis: low-signal fragment; 1/1 seed, 0 movement/hub signals, 0 KZT internal turnover. Verify from transactions."
79,1,1,0.0,100000005087431100,"Hypothesis: low-signal fragment; 1/1 seed, 0 movement/hub signals, 0 KZT internal turnover. Verify from transactions."
80,1,1,0.0,100000005235389100,"Hypothesis: low-signal fragment; 1/1 seed, 0 movement/hub signals, 0 KZT internal turnover. Verify from transactions."
81,1,1,0.0,100000005480435100,"Hypothesis: low-signal fragment; 1/1 seed, 0 movement/hub signals, 0 KZT internal turnover. Verify from transactions."
82,1,1,0.0,100000005495722100,"Hypothesis: low-signal fragment; 1/1 seed, 0 movement/hub signals, 0 KZT internal turnover. Verify from transactions."
83,1,1,0.0,100000005550592100,"Hypothesis: low-signal fragment; 1/1 seed, 0 movement/hub signals, 0 KZT internal turnover. Verify from transactions."
84,1,1,0.0,100000005560900100,"Hypothesis: low-signal fragment; 1/1 seed, 0 movement/hub signals, 0 KZT internal turnover. Verify from transactions."
85,1,1,0.0,100000005568407100,"Hypothesis: low-signal fragment; 1/1 seed, 0 movement/hub signals, 0 KZT internal turnover. Verify from transactions."
86,1,1,0.0,100000008117324100,"Hypothesis: low-signal fragment; 1/1 seed, 0 movement/hub signals, 0 KZT internal turnover. Verify from transactions."
87,1,1,0.0,100000008205000100,"Hypothesis: low-signal fragment; 1/1 seed, 0 movement/hub signals, 0 KZT internal turnover. Verify from transactions."
88,1,1,0.0,100000008513251100,"Hypothesis: low-signal fragment; 1/1 seed, 0 movement/hub signals, 0 KZT internal turnover. Verify from transactions."
89,1,1,0.0,100000008669037100,"Hypothesis: low-signal fragment; 1/1 seed, 0 movement/hub signals, 0 KZT internal turnover. Verify from transactions."
90,1,1,0.0,100000008701222100,"Hypothesis: low-signal fragment; 1/1 seed, 0 movement/hub signals, 0 KZT internal turnover. Verify from transactions."
